id;created_by;created_date_time;modified_by;modified_date_time;version;agency_type_name
1;neural Wooden Optimization;2019-06-22T12:20:57;Designer;2019-06-23T10:23:24;44153;EXE cross-media Frozen
2;Syrian Pound;2019-06-22T15:38:38;SDD bypassing;2019-06-23T01:30:17;70096;Fantastic Fresh Salad
3;Steel Avon Visionary;2019-06-22T21:46:47;PCI SAS;2019-06-23T06:03:02;94724;Planner navigate repurpose
4;Buckinghamshire;2019-06-23T02:39:33;system Triple-buffered;2019-06-23T03:48:17;11119;Bedfordshire Tools
5;Arizona hack;2019-06-22T17:19:06;quantifying;2019-06-22T17:52:12;74604;Idaho Markets grow
6;Refined;2019-06-22T23:03:00;web services;2019-06-22T16:28:49;1215;Designer Incredible Fresh Car Tuvalu
7;Senior Optional Yemeni Rial;2019-06-23T09:55:13;Tuna magenta;2019-06-23T04:39:47;45454;Credit Card Account Maryland Legacy
8;Product;2019-06-22T12:43:20;Unbranded Cotton Table Generic B2B;2019-06-23T07:39:31;18812;Junctions one-to-one
9;analyzing holistic;2019-06-23T05:29:31;Ridges Beauty dynamic;2019-06-23T01:51:43;81379;Pound Sterling Keyboard
10;Licensed Usability models;2019-06-22T21:46:59;District Unbranded;2019-06-22T14:41:28;86606;Rustic Steel Shirt drive
