id;created_by;created_date_time;modified_by;modified_date_time;version;contact_email
1;system Gorgeous Rubber Pants;2019-06-23T07:55:24;Steel leading-edge Small;2019-06-23T09:28:16;4072;JBOD
2;Shoes Music connect;2019-06-22T16:21:54;e-business Light;2019-06-22T20:08:11;39850;Personal Loan Account
3;HTTP explicit;2019-06-23T11:21:49;Optimization Cambridgeshire;2019-06-22T22:47:09;65869;Soap Tasty Metal Sausages Outdoors
4;invoice multi-byte;2019-06-22T19:28:44;North Carolina Granite;2019-06-22T16:15:44;54561;Web revolutionize Branding
5;teal analyzing yellow;2019-06-23T02:40:36;Ergonomic Rubber Chicken;2019-06-23T03:39:13;7118;functionalities quantifying
6;wireless;2019-06-23T05:28:27;Avon;2019-06-22T19:06:06;69673;Personal Loan Account HTTP
7;schemas Specialist China;2019-06-23T01:34:03;South Dakota Wyoming interface;2019-06-23T08:39:59;37201;quantify
8;JSON Texas;2019-06-23T06:00:16;Dobra application;2019-06-23T06:00:47;10312;Global Berkshire
9;monetize superstructure Fantastic;2019-06-23T10:26:50;Interactions;2019-06-22T15:23:58;9128;time-frame Quality
10;Borders Borders Practical;2019-06-23T09:31:48;Money Market Account;2019-06-22T22:26:31;67251;parse
