id;created_by;created_date_time;modified_by;modified_date_time;version;context
1;mobile Fish;2019-06-22T17:01:06;Savings Account Dam;2019-06-23T09:19:53;5808;FTP Savings Account
2;deposit Tasty Metal Bacon Implementation;2019-06-23T11:42:43;Officer;2019-06-22T20:54:41;30424;Albania web-readiness
3;Namibia;2019-06-23T02:08:03;Gorgeous Frozen Pants;2019-06-23T06:08:39;45606;bluetooth
4;syndicate;2019-06-22T12:08:00;Canyon HDD;2019-06-22T19:24:13;17052;Small Frozen Sausages Planner
5;envisioneer Music Public-key;2019-06-23T05:56:46;Bahamian Dollar Investment Account;2019-06-22T15:44:03;3438;Regional
6;Tuna;2019-06-22T17:36:08;convergence;2019-06-23T06:44:25;54671;Chair Facilitator
7;Views e-enable Communications;2019-06-22T18:16:35;archive Georgia Aruba;2019-06-22T12:39:46;32533;scale interactive generating
8;Specialist Home Loan Account;2019-06-23T05:06:24;scalable;2019-06-23T07:45:52;7455;Administrator
9;reinvent 24 hour Jewelery;2019-06-23T06:57:31;monitor 1080p Checking Account;2019-06-22T13:29:59;35846;Frozen IB
10;Highway Ergonomic;2019-06-23T02:49:52;Lempira;2019-06-22T19:44:56;72960;withdrawal COM
