id;created_by;created_date_time;modified_by;modified_date_time;version;agency_code;agency_name;agency_url
1;Borders content-based;2019-06-22T11:49:15;Agent;2019-06-22T22:19:55;90041;deposit B2B cross-media;programming SCSI drive;invoice Unbranded Cheese
2;New Zealand Dollar Alabama transform;2019-06-22T13:10:04;Supervisor clear-thinking;2019-06-23T04:24:08;54873;Cayman Islands Dollar invoice;Fish;Networked
3;Fish;2019-06-23T02:56:08;program alarm;2019-06-23T04:20:15;56830;Sleek turn-key;Ergonomic;Strategist target
4;Investor users dot-com;2019-06-22T20:14:54;Libyan Dinar CSS;2019-06-23T06:12:23;72245;local Shoes;Intelligent Frozen Sausages Villages;Human
5;back up Factors;2019-06-23T03:47:34;Venezuela Wisconsin;2019-06-22T12:12:11;85300;disintermediate;fuchsia eco-centric;Pants Maryland
6;calculating Intranet Ergonomic Concrete Soap;2019-06-22T19:37:25;intuitive Open-architected system-worthy;2019-06-23T03:59:23;74076;Belize Dollar Sudanese Pound real-time;protocol;open-source HDD
7;Sleek Beauty Auto Loan Account;2019-06-23T07:04:06;Handcrafted Cotton Bacon Unbranded Fresh Pants;2019-06-23T11:04:05;37558;Practical North Dakota;implementation;Wallis and Futuna
8;generating;2019-06-22T15:04:53;Assimilated;2019-06-23T10:47:55;82260;back-end;interface;compress lavender Investment Account
9;backing up;2019-06-23T07:03:57;relationships Philippine Peso;2019-06-23T08:24:37;72609;Strategist;card Licensed Cotton Ball;mindshare Gorgeous
10;Chips;2019-06-23T09:47:23;infomediaries Som Rustic Frozen Keyboard;2019-06-23T01:06:52;25024;Benin;Tuna Response invoice;alarm Jamaica
