id;created_by;created_date_time;modified_by;modified_date_time;migrated_by;version;application_service_override_id;application_service_override_tag_id
1;bypassing;2019-06-23T03:08:38;benchmark Planner;2019-06-23T06:54:37;Turkish Li;95154;7;2
2;Lead Personal Loan Account Checking Account;2019-06-22T21:01:14;orchestration Accountability;2019-06-22T12:59:41;Auto Loan ;48439;1;7
3;Malta Auto Loan Account online;2019-06-23T00:11:22;Sleek Wooden Fish markets;2019-06-22T18:20:07;Savings Ac;65029;2;5
4;Savings Account utilisation Hill;2019-06-22T17:52:06;PNG;2019-06-23T01:19:24;Sleek Wood;65326;3;4
5;Virgin Islands, British Borders Intelligent;2019-06-23T02:03:10;blue web-readiness white;2019-06-22T15:33:37;Pizza Assu;41590;8;9
6;Money Market Account array;2019-06-22T17:18:21;Avon Syrian Arab Republic Borders;2019-06-22T21:37:04;Clothing t;60618;9;6
7;redundant withdrawal Planner;2019-06-23T04:55:07;sticky benchmark Point;2019-06-22T15:40:02;Customer-f;60185;2;7
8;redefine;2019-06-22T23:25:42;applications;2019-06-23T10:04:18;communitie;40502;5;6
9;Louisiana payment;2019-06-23T09:26:41;withdrawal;2019-06-23T04:14:22;incentiviz;58841;8;6
10;redefine;2019-06-23T06:02:32;Enterprise-wide SDD;2019-06-23T01:07:21;interface;44877;4;7
