id;contact_email;created_by;created_date_time;modified_by;modified_date_time;name;migrated_by;version
1;monetize superstructure Fantastic;Industrial;2019-06-22T13:01:15;Fantastic time-frame Quality;2019-06-22T11:56:07;Missouri deposit;Gorgeous M;55370
2;ivory Data neural;Unbranded;2019-06-22T22:53:01;Tasty Rubber Car mindshare EXE;2019-06-23T02:19:40;Frozen Metal program;SDD bypass;42609
3;Centralized revolutionize International;Sleek;2019-06-23T08:42:49;Planner;2019-06-23T01:46:02;transition open-source Interactions;Pennsylvan;48166
4;mesh system Triple-buffered;Cotton;2019-06-22T22:55:36;Tools;2019-06-22T23:30:07;Handmade Wooden Cheese Fresh;input Nair;23750
5;seize Glen Refined;Mandatory Assistant;2019-06-23T10:27:28;Designer Incredible Fresh Car Tuvalu;2019-06-22T10:55:07;Gorgeous Rubber Chicken Associate Central African Republic;magenta he;99583
6;Naira iterate;Unbranded Plastic Chips Brand Regional;2019-06-22T23:48:50;Money Market Account;2019-06-23T04:05:33;olive;facilitate;26593
7;holistic;Architect;2019-06-22T17:59:38;Falkland Islands (Malvinas);2019-06-23T03:19:16;multi-byte Pound Sterling;Frozen;7620
8;Usability models New Mexico;markets Accountability EXE;2019-06-23T09:39:52;Grocery;2019-06-23T01:42:53;online Strategist Shirt;navigate r;82916
9;Tennessee Practical Steel Shirt Plastic;Ergonomic Fresh Chicken;2019-06-22T15:14:25;Producer Agent;2019-06-22T21:25:10;input Accounts;enhance Mu;25144
10;mission-critical white SMTP;Checking Account global Steel;2019-06-22T18:37:55;Kyrgyz Republic transmit;2019-06-22T22:15:57;SAS;Planner Re;79181
