id;agency_service_id;service_name;created_by;created_date_time;modified_by;modified_date_time;agency_id;service_record_id
1;Legacy Slovenia;deposit Steel;Unbranded Savings Account;2019-06-23T08:28:10;strategize Japan;2019-06-23T01:25:20;7;2
2;content-based Research Czech Koruna;TCP invoice;New Taiwan Dollar;2019-06-23T03:08:37;IB Universal Egypt;2019-06-22T19:29:03;8;3
3;Facilitator input;override deposit;intranet;2019-06-22T16:40:24;user-facing Armenia panel;2019-06-23T08:09:33;2;7
4;Licensed Manager Borders;copying;relationships quantify generate;2019-06-22T20:03:48;Awesome;2019-06-23T07:06:44;7;1
5;New York PNG initiatives;Overpass;open-source;2019-06-22T16:56:56;JBOD attitude-oriented maroon;2019-06-22T13:38:04;9;7
6;knowledge user;transmitter Home Loan Account magenta;extend Martinique;2019-06-22T22:10:12;synthesizing;2019-06-22T14:35:27;1;9
7;Electronics parse navigate;pricing structure Pizza implementation;Cambridgeshire Cotton deploy;2019-06-22T19:18:33;optical plum Cotton;2019-06-22T18:50:13;5;1
8;Chair Kids Pants;cross-platform;engage;2019-06-22T13:46:04;Borders protocol;2019-06-23T08:15:02;6;3
9;Kwacha Generic Granite Chicken;multi-byte 3rd generation;initiative deposit Car;2019-06-22T18:03:36;transmit Developer;2019-06-23T05:42:49;8;9
10;Japan enable;policy;Cloned architect;2019-06-23T09:14:56;1080p parse;2019-06-22T17:08:35;10;3
