id;created_by;created_date_time;modified_by;modified_date_time;version;comment;phone_number
1;enable;2019-06-22T13:23:31;Soft card;2019-06-22T12:20:28;64483;whiteboard;Extensions Vermont Gorgeous
2;open-source;2019-06-23T10:20:13;Soft Borders attitude-oriented;2019-06-22T15:40:47;68804;Implemented;next-generation Clothing Frozen
3;Health interface;2019-06-23T03:48:19;Investor 24/7;2019-06-22T18:20:05;46409;Associate Iceland Syrian Pound;Springs
4;override;2019-06-22T23:13:12;Facilitator;2019-06-23T08:43:05;57535;Licensed;cross-platform Wooden
5;synergies;2019-06-23T03:45:39;integrated;2019-06-22T17:59:41;51796;turn-key;Alabama Iowa
6;payment Facilitator;2019-06-22T15:24:07;Toys Internal multi-byte;2019-06-22T17:00:08;29114;maroon Gloves;Handmade Concrete Sausages Phased Berkshire
7;Sleek Metal Car West Virginia Representative;2019-06-23T05:59:29;Yemen payment invoice;2019-06-22T22:15:37;7560;sticky Re-contextualized orchid;Investor
8;virtual Indiana Frozen;2019-06-22T16:15:52;invoice orchestrate;2019-06-22T19:33:08;64281;cross-platform;National object-oriented Mountains
9;Handmade Metal Car Canadian Dollar Solutions;2019-06-22T23:47:45;Monitored Rustic Cotton Sausages;2019-06-23T04:29:07;52965;Grass-roots Cambridgeshire Codes specifically reserved for testing purposes;Money Market Account
10;1080p Orchard China;2019-06-23T01:20:37;Awesome Wooden Pizza Manors;2019-06-23T06:42:39;89767;Peso Uruguayo Uruguay Peso en Unidades Indexadas;Strategist
