id;created_by;created_date_time;modified_by;modified_date_time;version;accessibility_facilities;additional_information;location_name
1;teal sky blue Gorgeous;2019-06-23T03:10:16;quantify motivating project;2019-06-22T20:18:25;39597;Human;Cape Verde Ridge;back-end methodology
2;customized Product Chips;2019-06-22T23:33:43;Savings Account;2019-06-23T10:55:47;18422;Legacy invoice;help-desk;Personal Loan Account Refined RAM
3;firewall toolset Administrator;2019-06-23T00:04:57;Metal alarm challenge;2019-06-22T11:48:05;88192;systems Keyboard Clothing;Sleek Clothing;Dynamic Fantastic matrix
4;cutting-edge;2019-06-23T04:36:55;Global Handmade copy;2019-06-22T12:01:04;47116;quantifying Harbor end-to-end;transmitting FTP;Bike bandwidth
5;Ergonomic program platforms;2019-06-22T14:00:10;system ivory;2019-06-22T21:00:02;65114;Home Loan Account bricks-and-clicks;online parsing Proactive;Soft
6;Incredible open architecture Movies;2019-06-22T19:22:16;Pizza;2019-06-22T20:00:16;22717;bypassing analyzing withdrawal;XML orange sticky;Shoes
7;systems;2019-06-22T17:30:33;Human Right-sized neural;2019-06-23T10:18:46;66498;multimedia Human UAE Dirham;Computer deploy;Flats AI
8;Cotton web services;2019-06-22T16:28:29;Landing;2019-06-23T11:17:57;4202;driver Principal;Fresh;zero administration Internal synthesize
9;backing up Strategist Credit Card Account;2019-06-22T22:18:39;Auto Loan Account;2019-06-22T22:56:49;28152;RSS Concrete;Granite Ergonomic Concrete Bike Small Rubber Shoes;secured line
10;Incredible Focused;2019-06-22T18:12:19;Checking Account Unbranded Fresh Pizza SMTP;2019-06-23T03:48:05;59322;Principal orchid;Dominica;virtual Grocery Indiana
