id;created_by;created_date_time;modified_by;modified_date_time;version;comment;email
1;Rial Omani Ergonomic target;2019-06-22T18:22:32;fresh-thinking;2019-06-22T19:14:01;40710;Incredible Plastic Towels;Lonny_Schowalter@gmail.com
2;Small Frozen Computer Taiwan neural-net;2019-06-23T09:53:11;Cambridgeshire;2019-06-22T16:39:47;24223;Cape Steel interface;Eleazar86@hotmail.com
3;engineer;2019-06-23T04:42:39;Shirt transitional Garden;2019-06-22T21:43:59;47643;Optimized deposit Supervisor;Cristobal_Hermiston@yahoo.com
4;Concrete SMS Cambridgeshire;2019-06-23T00:56:48;Tennessee Home Loan Account;2019-06-23T10:00:30;63709;Dominican Republic Road Stand-alone;Queenie_Green@gmail.com
5;Wooden Forward;2019-06-22T18:26:08;target;2019-06-23T07:55:27;28427;Fresh Credit Card Account Gorgeous Soft Shirt;Barton51@gmail.com
6;Handmade Plastic Soap circuit Awesome Fresh Shoes;2019-06-23T11:38:22;User-centric bypass;2019-06-23T04:08:26;93088;copying;Donald_Maggio31@gmail.com
7;solid state Chief;2019-06-23T01:19:10;Regional matrix;2019-06-22T12:35:36;67514;Metal;Jeremie_Maggio@gmail.com
8;calculating UAE Dirham;2019-06-23T08:23:32;Realigned;2019-06-22T14:43:09;66638;Engineer;Brayan_Wiegand94@hotmail.com
9;attitude-oriented;2019-06-23T00:19:17;payment Associate Fantastic;2019-06-22T23:45:56;95679;Cambridgeshire vortals;Bernita.Ebert@yahoo.com
10;clicks-and-mortar Refined Soft Mouse architectures;2019-06-22T15:59:56;calculating grey;2019-06-22T19:57:17;86976;circuit deposit;Mariano.Romaguera@hotmail.com
