id;created_by;created_date_time;modified_by;modified_date_time;version;business_unit_name
1;extensible;2019-06-22T13:51:13;Gorgeous;2019-06-23T05:40:59;33199;deposit XML index
2;interactive visualize Marshall Islands;2019-06-23T06:52:38;Hawaii;2019-06-22T15:25:11;29639;Corporate Cameroon port
3;best-of-breed infrastructures;2019-06-22T18:26:15;Refined Steel Soap;2019-06-23T01:20:39;33753;digital Profit-focused Engineer
4;FTP Product;2019-06-23T03:36:54;Cross-group;2019-06-23T00:52:43;64810;SMTP
5;hacking Mauritius Rupee bypassing;2019-06-23T01:13:20;Tuna;2019-06-22T17:02:21;53515;Handcrafted Computers
6;Small Architect Hat;2019-06-22T11:01:41;Officer;2019-06-22T15:41:55;35180;quantify Cambridgeshire
7;zero defect Spring;2019-06-22T19:53:05;content e-commerce;2019-06-23T02:49:23;66536;Cambridgeshire deposit
8;Group;2019-06-22T18:12:43;hacking;2019-06-22T21:24:05;9954;Checking Account Solomon Islands Automated
9;Central Officer;2019-06-23T03:41:33;indigo transmit;2019-06-23T04:40:38;60246;Avon Rustic Plastic Chips Handcrafted
10;hacking capability Gold;2019-06-22T20:29:18;Auto Loan Account UAE Dirham Alabama;2019-06-23T00:27:09;37810;Soft
