id;created_by;created_date_time;modified_by;modified_date_time;version;service_delivery_channel_type;status
1;synthesizing experiences Cotton;2019-06-23T02:33:26;Money Market Account Ways auxiliary;2019-06-22T11:47:19;60352;withdrawal;infrastructures task-force mint green
2;Personal Loan Account;2019-06-23T06:23:13;initiative Turkmenistan;2019-06-23T01:43:07;77629;Wooden;content transmit
3;bandwidth Jordanian Dinar scalable;2019-06-22T16:24:44;Handcrafted Wooden Soap;2019-06-23T03:40:35;16301;Enterprise-wide;transmitting
4;Specialist Concrete Extended;2019-06-22T14:53:23;Program;2019-06-23T01:39:37;92691;green;Alabama exploit
5;hard drive;2019-06-22T13:00:33;neural;2019-06-23T04:12:08;30643;Handcrafted Rubber Pants;Wisconsin Beauty
6;interactive;2019-06-22T18:42:17;optimizing Direct;2019-06-23T02:44:17;51318;green Practical;hacking digital
7;contingency;2019-06-23T05:30:21;Unbranded Ergonomic violet;2019-06-23T10:31:04;33745;SQL Gorgeous;pricing structure
8;Refined Granite Cheese mindshare;2019-06-23T03:42:20;visualize Marshall Islands;2019-06-23T07:51:30;21625;indigo process improvement;Towels Fish even-keeled
9;niches Metal;2019-06-23T07:37:13;backing up;2019-06-22T21:41:43;39191;Turkish Lira white;Engineer visionary
10;Product attitude;2019-06-23T06:12:41;systems;2019-06-23T05:57:31;87511;neural Metal South Africa;integrate
