id;created_by;created_date_time;modified_by;modified_date_time;version;service_event
1;Borders Granite infrastructures;2019-06-23T04:06:58;District;2019-06-23T10:16:08;59929;Bedfordshire eco-centric Grocery
2;Product Re-engineered;2019-06-23T09:32:24;leverage;2019-06-23T09:13:09;94147;Towels
3;Ergonomic Steel Tuna hard drive;2019-06-23T03:03:07;Granite Total;2019-06-22T20:19:17;19629;Health
4;Rubber Vermont matrix;2019-06-22T20:41:03;redundant Credit Card Account uniform;2019-06-23T05:35:37;57212;Keyboard
5;Mouse;2019-06-22T16:45:18;envisioneer;2019-06-23T01:16:03;55513;New Jersey paradigms
6;bypassing Computer;2019-06-22T18:22:40;generate;2019-06-22T18:34:26;21399;24/7 facilitate
7;Checking Account expedite SMTP;2019-06-23T04:19:12;user-facing 3rd generation capability;2019-06-22T22:21:13;88617;Prairie South Dakota invoice
8;programming Industrial monitor;2019-06-23T06:43:47;Fresh;2019-06-22T20:24:28;4922;Balanced
9;Concrete Electronics Corporate;2019-06-23T11:08:26;tan bandwidth 24/7;2019-06-22T13:51:00;75804;generate
10;Som;2019-06-22T13:22:15;Personal Loan Account;2019-06-22T16:26:29;64560;Markets
