id;created_by;created_date_time;modified_by;modified_date_time;version;contact_email;contact_name;contact_phone_number
1;transmit orchestrate EXE;2019-06-22T19:10:55;International;2019-06-22T19:47:10;27155;extranet;turquoise Dynamic index;encryption Savings Account Cheese
2;Ferry Quality-focused;2019-06-22T19:57:05;Tasty Plastic Table Forges Cotton;2019-06-22T11:07:07;84726;purple;pink parse networks;auxiliary algorithm
3;Isle;2019-06-22T15:09:02;HTTP;2019-06-23T08:40:09;50536;iterate withdrawal;bypassing Frozen;ivory Views Buckinghamshire
4;scalable Group modular;2019-06-23T02:46:41;Kina;2019-06-22T16:22:58;92366;Manager Jewelery Re-engineered;Fantastic Cotton Bike;orange
5;Agent deposit array;2019-06-22T11:18:41;enhance bluetooth;2019-06-23T00:19:17;64038;hacking parse Cuba;definition quantify;Borders Cotton
6;copy;2019-06-23T05:16:13;Intelligent Plastic Ball Islands Tuna;2019-06-23T02:14:06;11823;Brand COM;SMTP Chair;open-source redundant
7;Cedi;2019-06-23T00:53:33;Bedfordshire Automotive;2019-06-22T18:08:56;13105;auxiliary Berkshire;Specialist convergence Cambridgeshire;Roads front-end Seychelles
8;ADP Views Green;2019-06-23T01:29:06;Producer Saudi Riyal;2019-06-23T08:45:10;86364;Analyst markets Rubber;models;CSS gold Towels
9;Licensed Frozen Gloves;2019-06-22T22:26:51;hybrid Street;2019-06-22T14:09:42;65083;Savings Account;Granite;application
10;Fall Adaptive Car;2019-06-23T02:45:53;Creative clicks-and-mortar;2019-06-22T11:02:07;45673;circuit Unbranded Cotton Shoes;array;protocol Bermuda Metal
