id;created_by;created_date_time;modified_by;modified_date_time;version;form_name;form_url;source
1;24/7 Palestinian Territory;2019-06-23T01:04:23;backing up virtual Investment Account;2019-06-23T01:47:13;89926;Security;out-of-the-box relationships;Norfolk Island analyzing maroon
2;Towels;2019-06-23T06:59:11;programming;2019-06-23T09:44:38;15628;mint green Cambridgeshire;California Fully-configurable Cambridgeshire;web-enabled conglomeration programming
3;Applications;2019-06-22T12:45:22;withdrawal withdrawal;2019-06-23T01:04:23;9137;internet solution Handcrafted Soft Table innovate;programming Metal;Beauty Configuration Mandatory
4;drive;2019-06-22T12:47:19;Mandatory overriding;2019-06-22T23:08:01;54747;dynamic Customer;structure;Indiana
5;Clothing Developer Director;2019-06-23T01:15:59;program;2019-06-23T02:27:02;85719;synthesizing experiences Cotton;bluetooth heuristic;auxiliary Orchestrator olive
6;North Korean Won Plastic;2019-06-22T12:13:32;Car;2019-06-22T19:48:14;88711;e-tailers;Turkmenistan users;Wooden
7;content transmit;2019-06-22T13:11:56;Handcrafted harness Licensed;2019-06-23T10:21:06;5239;Soap strategic;Enterprise-wide;transmitting
8;Specialist Concrete Extended;2019-06-22T13:54:30;Program;2019-06-23T00:40:44;92691;green;Alabama exploit;hard drive
9;Jewelery virtual customer loyalty;2019-06-23T09:47:01;Maine mesh Supervisor;2019-06-22T21:41:21;6188;Poland;optimizing Direct;Borders green
10;technologies;2019-06-22T14:46:24;digital;2019-06-23T05:21:59;31755;secondary;Security;violet
