id;name;created_by;created_date_time;modified_by;modified_date_time
1;frictionless wireless Digitized;generate;2019-06-23T05:05:10;Steel;2019-06-23T06:18:01
2;Hat Berkshire;Associate Oklahoma THX;2019-06-23T07:24:12;Illinois RSS Washington;2019-06-22T17:31:05
3;disintermediate Rustic;fault-tolerant Utah;2019-06-22T17:30:51;Frozen;2019-06-22T20:21:36
4;Ecuador Berkshire Bond Markets Units European Composite Unit (EURCO);Director e-business capacity;2019-06-22T22:07:26;Pound Sterling;2019-06-23T04:11:12
5;program;Small;2019-06-22T15:01:42;Plastic copy;2019-06-23T09:36:01
6;Paradigm microchip;process improvement;2019-06-22T11:21:10;users Mount;2019-06-22T20:54:47
7;Consultant Intuitive;Clothing generating evolve;2019-06-22T22:50:43;Movies Borders Producer;2019-06-23T04:04:18
8;generate;Jewelery navigating Groves;2019-06-23T05:31:41;Metal Research Ergonomic Concrete Shoes;2019-06-23T02:24:09
9;Money Market Account;RAM Gorgeous;2019-06-22T17:34:54;composite;2019-06-22T16:30:09
10;feed Electronics;intuitive exploit;2019-06-22T11:18:55;Group redundant Front-line;2019-06-23T09:07:02
