id;created_by;created_date_time;modified_by;modified_date_time;version;evidence_name;meta_data;migrated;migrated_by;displayed_for_category_id;service_id
1;drive;2019-06-22T14:27:38;Chicken Chips functionalities;2019-06-23T10:25:27;13071;Yemeni Rial;interfaces deposit firewall;c;portal dep;4;5
2;incremental;2019-06-23T06:57:51;neural Internal impactful;2019-06-22T17:42:03;32373;program Concrete invoice;utilize impactful;C;Licensed;3;1
3;Auto Loan Account;2019-06-23T00:04:33;French Polynesia Configuration IB;2019-06-22T16:53:22;76465;Frozen;Tasty SMTP flexibility;B;Open-archi;4;4
4;digital;2019-06-22T15:03:27;Cotton;2019-06-22T12:52:27;8425;Qatari Rial;reboot;X;Frozen pix;7;7
5;Auto Loan Account;2019-06-22T20:24:40;analyzer;2019-06-22T15:05:57;71746;Field bypassing reinvent;transmitting;N;matrix Lod;8;9
6;programming capacitor Fantastic;2019-06-22T15:35:57;Sudanese Pound East Caribbean Dollar;2019-06-23T03:01:11;14199;parallelism Wooden Investment Account;FTP;T;deposit ne;10;9
7;Soft;2019-06-22T12:16:10;Connecticut Supervisor;2019-06-22T13:51:19;54425;Associate;Grass-roots Grenada;C;Trail Beau;2;6
8;Steel Coordinator;2019-06-23T05:43:55;Practical Metal Pizza Home Loan Account;2019-06-23T01:46:04;46798;users overriding;transmitting payment platforms;d;portal Mon;10;9
9;uniform Garden;2019-06-23T02:41:51;Hawaii;2019-06-23T00:14:33;41869;yellow Toys Global;optimal hacking hack;R;instructio;3;4
10;scale;2019-06-22T20:49:10;program Handmade Automotive;2019-06-22T11:52:04;10802;Balanced;black Generic Cotton Car online;s;Cambridges;1;1
